Model,RMSE,MAE
Combined Model,0.8790899527081248,0.6966828390838957
